{
  "BH_BLACK_HOLE_FORGE": [381, 8],
  "BH_ESCAPE_POD": [109, -650],
  "BH_GRAVITY_CANNON": [-483, 1707],
  "BH_HANGING_CITY": [378, -466],
  "BH_MURAL_1": [-314.4257, -562.1994],
  "BH_MURAL_2": [-234.02878, -562.1994],
  "BH_MURAL_3": [-155.72878, -562.1994],
  "BH_OBSERVATORY": [2423, 843],
  "BH_OLD_SETTLEMENT": [-106.032265, -466.002],
  "BH_QUANTUM_RESEARCH_TOWER": [-601, 1375],
  "BH_QUANTUM_SHARD": [-667.9691, 1288.1255],
  "BH_RIEBECK": [2241, 1104],
  "BH_TORNADO_SIMULATION": [2491.0005, 755.00214],
  "BH_WARP_ALIGNMENT_MAP": [454.7, -68.6],
  "BH_WARP_RECEIVER": [123, 1026],
  "COMET_INTERIOR": [1240.0012, -791.0067],
  "COMET_SHUTTLE": [1592, -790],
  "CT_ANGLERFISH_FOSSIL": [-26, -250],
  "CT_CHERT": [-502, 0],
  "CT_ESCAPE_POD": [-407, -360],
  "CT_GRAVITY_CANNON": [1871.9988, -644.99805],
  "CT_HIGH_ENERGY_LAB": [503, 671],
  "CT_LAKEBED_CAVERN": [-666, 761],
  "CT_QUANTUM_CAVES": [-554, 1043],
  "CT_QUANTUM_MOON_LOCATOR": [-301, 988],
  "CT_SUNLESS_CITY": [-159, 49],
  "CT_WARP_TOWER_MAP": [442, 585],
  "DB_ESCAPE_POD": [-292, -800],
  "DB_FELDSPAR": [2711, 622],
  "DB_FROZEN_JELLYFISH": [2984, 511],
  "DB_NOMAI_GRAVE": [-387, -1069],
  "DB_VESSEL": [105, -1016],
  "GD_BRAMBLE_ISLAND": [2585, 172],
  "GD_CONSTRUCTION_YARD": [2372, 493],
  "GD_GABBRO_ISLAND": [1377.9973, 562.99536],
  "GD_OCEAN": [1967, 161],
  "GD_QUANTUM_TOWER": [-877, 1447],
  "GD_STATUE_ISLAND": [985, 562],
  "GD_STATUE_WORKSHOP": [915.973, 474.01932],
  "IP_DREAM_LAKE": [2935.8025, -754.0012],
  "IP_DREAM_LIBRARY_1": [3266, -1344.9998],
  "IP_DREAM_LIBRARY_2": [2770, -1523.9998],
  "IP_DREAM_LIBRARY_3": [2295, -1345],
  "IP_DREAM_ZONE_1": [3341.8005, -1394.5995],
  "IP_DREAM_ZONE_2": [2855.002, -1577],
  "IP_DREAM_ZONE_3": [2375.0981, -1394.5995],
  "IP_MAP_PROJECTION_1": [2736.1025, -1098.2001],
  "IP_MAP_PROJECTION_2": [2655.9028, -1098.8],
  "IP_MAP_PROJECTION_3": [2576.4033, -1097.7997],
  "IP_PRISON": [2854.8025, -750],
  "IP_RING_WORLD": [2488.8025, -418.00003],
  "IP_SARCOPHAGUS": [2854.8025, -854.0012],
  "IP_ZONE_1": [3274.1025, -855],
  "IP_ZONE_1_SECRET": [3224.3008, -962.3],
  "IP_ZONE_1_STORY": [3312.3, -962.6],
  "IP_ZONE_2": [2855.0024, -1227.9982],
  "IP_ZONE_2_CODE": [3036.5027, -1112.8992],
  "IP_ZONE_2_LIGHTHOUSE": [3073, -1225],
  "IP_ZONE_2_SECRET": [2802.1025, -1331.001],
  "IP_ZONE_2_STORY": [2888.8, -1331.1],
  "IP_ZONE_3": [2447, -855],
  "IP_ZONE_3_ENTRANCE": [2389.9026, -741.7],
  "IP_ZONE_3_LAB": [2654.8025, -982],
  "IP_ZONE_3_SECRET": [2477.4006, -966.7],
  "IP_ZONE_3_STORY": [2390.5, -966.7],
  "IP_ZONE_4": [2854.8025, -447.00003],
  "IP_ZONE_4_STORY": [2908.28, -543.00006],
  "OPC_BROKEN_MODULE": [1937.9973, 445.99536],
  "OPC_INTACT_MODULE": [1818.9972, 448.00635],
  "OPC_SUNKEN_MODULE": [2056.9976, 446.0063],
  "ORBITAL_PROBE_CANNON": [1940.9963, 610.0005],
  "QM_SHRINE": [-368, 1395],
  "QM_SHUTTLE": [-93, 1375],
  "QM_SIXTH_LOCATION": [-368.0744, 1262.3943],
  "QUANTUM_MOON": [-229, 1383],
  "S_SUNSTATION": [-10, 361],
  "TH_IMPACT_CRATER": [2701, 1159],
  "TH_NOMAI_MINE": [911, 5],
  "TH_QUANTUM_SHARD": [-878, 1087],
  "TH_RADIO_TOWER": [2275, -266],
  "TH_VILLAGE": [1479, 908],
  "TH_ZERO_G_CAVE": [1547.0066, 821.9953],
  "TM_ESKER": [1716, 1222],
  "TM_EYE_LOCATOR": [1957, 1010],
  "TM_NORTH_POLE": [2164, 1353],
  "TT_TIME_LOOP_DEVICE": [645, 282],
  "TT_WARP_TOWERS": [248, 359],
  "VM_VOLCANO": [1135, 4],
  "WHITE_HOLE_STATION": [121, 674]
}
